Prolog File,Best Plan Time (s),Avg Plan Time (s),Worst Plan Time (s),Step 3-4 JSON (s),Step 5 UP Code (s),Step 6 PDDL (s)
cucinare.pl,0.0845,0.0891,0.1025,0.00069,0.00026,0.68177
cucinare_bottleneck_1.pl,0.1007,0.1067,0.1273,0.00089,0.00039,0.7461
cucinare_bottleneck_2.pl,0.1128,0.12,0.1393,0.0011,0.00067,0.73357
cucinare_bottleneck_3.pl,0.1514,0.1596,0.1766,0.0016,0.00106,0.78811
cucinare_extended.pl,0.1292,0.4312,1.8924,0.00122,0.00068,0.803
cucinare_multistep.pl,0.2787,0.9284,4.0199,0.00151,0.00078,0.75349
